﻿<?xml version="1.0" encoding="utf-8"?>
<block xmlns:xsi="http://www.w3.org/2001/XMLSchema-instance"
  xsi:noNamespaceSchemaLocation="http://www.popfly.com/schemas/blockschema.xsd"
  class="RestaurantRatingDataServices">
	<providerName>Apress</providerName>
	<providerUrl>http://dataservices.spheregen.com/RestaurantRating/RestaurantService.svc</providerUrl>
	<suggest output="geodisplay" input="userinput"/>
	<operations>
		<operation name="getRestaurantsByCityAndCuisine" callMode="auto">
			<description>Get a list of Restaurants By City and Cuisine</description>
			<inputs>
				<input name="City" required="true" type="string">
					<description>City where the Restaurant is located</description>
					<defaultValue>New York</defaultValue>
				</input>
				<input name="Cuisine" required="true" type="string">
					<description>The type of Cuisine that is served at the Restaurant</description>
					<defaultValue>Thai</defaultValue>
				</input>
			</inputs>
			<outputs>
				<output isArray="true" type="custom" object="Restaurant" />
			</outputs>
		</operation>
		<operation name="query" callMode="auto">
			<description>Query a Data Service.</description>
			<inputs>
				<input name="query" required="true" type="string">
					<description>The data service query to execute.</description>
					<defaultValue>$top=10</defaultValue>
				</input>
			</inputs>
			<outputs>
				<output isArray="true" type="custom" object="DataServiceObject" />
			</outputs>
		</operation>
		<operation name="queryProperties" callMode="auto">
			<description> The data service query to execute</description>
			<inputs>
				<input name="top" required="false"	type="nonNegativeInteger">
					<description>The top property specifies how many rows to fetch.</description>
					<defaultValue></defaultValue>
				</input>
				<input name="skip" required="false" type="nonNegativeInteger">
					<description>The skip property specifies how many rows to ignore when fetching data.</description>
					<defaultValue></defaultValue>
				</input>
				<input name="filter" required="false" type="string">
					<description>
						The filter property allows you to fetch results that match a condition you specify. </description>
						<defaultValue></defaultValue>
					</input>
				<input name="orderyby" required="false" type="string">
					<description>The orderby property specifies the order of the returned data.</description>
					<defaultValue></defaultValue>
				</input>
			</inputs>
			<outputs>
				<output isArray="true" type="custom" object="Restaurant" />
			</outputs>
		</operation>

	</operations>
	<objects>
		<object name="Restaurant">
			<field name="RestaurantID" type="string" isArray="false" />
			<field name="RestaurantName" type="string" isArray="false"/>
			<field name="AddressLine1" type="string" isArray="false"/>
			<field name="AddressLine2" type="string" isArray="false"/>
			<field name="County" type="string" isArray="false"/>
			<field name="City" type="string" isArray="false"/>
			<field name="State" type="string" isArray="false"/>
			<field name="ZipCode" type="string" isArray="false"/>
			<field name="FullAddress" type="string" isArray="false"/>
			<field name="DateOpened" type="dateTime" isArray="false"/>
			<field name="Food" type="integer" isArray="false"/>
			<field name="Decor" type="integer" isArray="false"/>
			<field name="Service" type="integer" isArray="false"/>
			<field name="Cost" type="decimal" isArray="false"/>
			<field name="Rating" type="decimal" isArray="false"/>
		</object>
	</objects>
</block>