<?xml version="1.0" encoding="utf-8"?>
<BindingInfo xmlns:xsi="http://www.w3.org/2001/XMLSchema-instance" xmlns:xsd="http://www.w3.org/2001/XMLSchema" Assembly="Microsoft.BizTalk.Deployment, Version=3.0.1.0, Culture=neutral, PublicKeyToken=31bf3856ad364e35" Version="3.5.1.0" BindingStatus="NoBindings" BoundEndpoints="0" TotalEndpoints="0">
  <Timestamp>2008-08-20T20:21:52.828125+01:00</Timestamp>
  <ModuleRefCollection>
    <ModuleRef Name="[Application:BizTalkWithDS]" Version="" Culture="" PublicKeyToken="" FullName="[Application:BizTalkWithDS], Version=, Culture=, PublicKeyToken=">
      <Services />
      <TrackedSchemas />
    </ModuleRef>
  </ModuleRefCollection>
  <SendPortCollection>
    <SendPort Name="DataServicesActivation" IsStatic="true" IsTwoWay="true" BindingOption="0">
      <Description xsi:nil="true" />
      <TransmitPipeline Name="Microsoft.BizTalk.DefaultPipelines.PassThruTransmit" FullyQualifiedName="Microsoft.BizTalk.DefaultPipelines.PassThruTransmit, Microsoft.BizTalk.DefaultPipelines, Version=3.0.1.0, Culture=neutral, PublicKeyToken=31bf3856ad364e35" Type="2" TrackingOption="ServiceStartEnd MessageSendReceive PipelineEvents" Description="" />
      <PrimaryTransport>
        <Address>http://localhost/NorthwindWebApp/NWDataService.svc/Customers('ALFKI')</Address>
        <TransportType Name="WCF-Custom" Capabilities="907" ConfigurationClsid="af081f69-38ca-4d5b-87df-f0344b12557a" />
        <TransportTypeData>&lt;CustomProps&gt;&lt;OutboundXmlTemplate vt="8"&gt;&amp;lt;bts-msg-body xmlns="http://www.microsoft.com/schemas/bts2007" encoding="xml"/&amp;gt;&lt;/OutboundXmlTemplate&gt;&lt;PropagateFaultMessage vt="11"&gt;-1&lt;/PropagateFaultMessage&gt;&lt;ProxyUserName vt="8" /&gt;&lt;EndpointBehaviorConfiguration vt="8"&gt;&amp;lt;behavior name="EndpointBehavior"&amp;gt;&amp;lt;httpVerbBehaviour verb="GET" /&amp;gt;&amp;lt;/behavior&amp;gt;&lt;/EndpointBehaviorConfiguration&gt;&lt;OutboundBodyLocation vt="8"&gt;UseBodyElement&lt;/OutboundBodyLocation&gt;&lt;StaticAction vt="8" /&gt;&lt;BindingConfiguration vt="8"&gt;&amp;lt;binding name="customBinding"&amp;gt;&amp;lt;textMessageEncoding messageVersion="None" /&amp;gt;&amp;lt;httpTransport maxBufferPoolSize="65536000" maxReceivedMessageSize="65536000" maxBufferSize="65536000" /&amp;gt;&amp;lt;/binding&amp;gt;&lt;/BindingConfiguration&gt;&lt;InboundNodeEncoding vt="8"&gt;Xml&lt;/InboundNodeEncoding&gt;&lt;UseSSO vt="11"&gt;0&lt;/UseSSO&gt;&lt;ProxyAddress vt="8" /&gt;&lt;AffiliateApplicationName vt="8" /&gt;&lt;BindingType vt="8"&gt;customBinding&lt;/BindingType&gt;&lt;InboundBodyLocation vt="8"&gt;UseBodyElement&lt;/InboundBodyLocation&gt;&lt;UserName vt="8" /&gt;&lt;InboundBodyPathExpression vt="8" /&gt;&lt;/CustomProps&gt;</TransportTypeData>
        <RetryCount>3</RetryCount>
        <RetryInterval>5</RetryInterval>
        <ServiceWindowEnabled>false</ServiceWindowEnabled>
        <FromTime>2000-01-01T23:00:00</FromTime>
        <ToTime>2000-01-01T22:59:59</ToTime>
        <Primary>true</Primary>
        <OrderedDelivery>false</OrderedDelivery>
        <DeliveryNotification>1</DeliveryNotification>
        <SendHandler Name="BizTalkServerApplication" HostTrusted="false">
          <TransportType Name="WCF-Custom" Capabilities="907" ConfigurationClsid="af081f69-38ca-4d5b-87df-f0344b12557a" />
        </SendHandler>
      </PrimaryTransport>
      <SecondaryTransport>
        <Address />
        <RetryCount>3</RetryCount>
        <RetryInterval>5</RetryInterval>
        <ServiceWindowEnabled>false</ServiceWindowEnabled>
        <FromTime>2000-01-01T23:00:00</FromTime>
        <ToTime>2000-01-01T22:59:59</ToTime>
        <Primary>false</Primary>
        <OrderedDelivery>false</OrderedDelivery>
        <DeliveryNotification>1</DeliveryNotification>
        <SendHandler xsi:nil="true" />
      </SecondaryTransport>
      <ReceivePipeline Name="Microsoft.BizTalk.DefaultPipelines.PassThruReceive" FullyQualifiedName="Microsoft.BizTalk.DefaultPipelines.PassThruReceive, Microsoft.BizTalk.DefaultPipelines, Version=3.0.1.0, Culture=neutral, PublicKeyToken=31bf3856ad364e35" Type="1" TrackingOption="ServiceStartEnd MessageSendReceive PipelineEvents" Description="" />
      <ReceivePipelineData xsi:nil="true" />
      <Tracking>0</Tracking>
      <Filter>&lt;?xml version="1.0" encoding="utf-16"?&gt;
&lt;Filter xmlns:xsi="http://www.w3.org/2001/XMLSchema-instance" xmlns:xsd="http://www.w3.org/2001/XMLSchema"&gt;
  &lt;Group&gt;
    &lt;Statement Property="BTS.ReceivePortName" Operator="0" Value="DataServicesActivation" /&gt;
  &lt;/Group&gt;
&lt;/Filter&gt;</Filter>
      <Transforms />
      <InboundTransforms />
      <OrderedDelivery>false</OrderedDelivery>
      <Priority>5</Priority>
      <StopSendingOnFailure>false</StopSendingOnFailure>
      <RouteFailedMessage>false</RouteFailedMessage>
      <ApplicationName>BizTalkWithDS</ApplicationName>
    </SendPort>
  </SendPortCollection>
  <DistributionListCollection />
  <ReceivePortCollection>
    <ReceivePort Name="DataServicesActivation" IsTwoWay="true" BindingOption="0">
      <Description xsi:nil="true" />
      <ReceiveLocations>
        <ReceiveLocation Name="DataServicesActivationLocation">
          <Description xsi:nil="true" />
          <Address>net.tcp://localhost/BizTalkToDataServices</Address>
          <PublicAddress />
          <Primary>true</Primary>
          <ReceiveLocationServiceWindowEnabled>false</ReceiveLocationServiceWindowEnabled>
          <ReceiveLocationFromTime>2000-01-01T23:00:00</ReceiveLocationFromTime>
          <ReceiveLocationToTime>2000-01-01T22:59:59</ReceiveLocationToTime>
          <ReceiveLocationStartDateEnabled>false</ReceiveLocationStartDateEnabled>
          <ReceiveLocationStartDate>2008-08-19T00:00:00</ReceiveLocationStartDate>
          <ReceiveLocationEndDateEnabled>false</ReceiveLocationEndDateEnabled>
          <ReceiveLocationEndDate>2008-08-20T23:59:59</ReceiveLocationEndDate>
          <ReceiveLocationTransportType Name="WCF-NetTcp" Capabilities="907" ConfigurationClsid="7fd2dfcd-6a7b-44f9-8387-29457fd2eaaf" />
          <ReceiveLocationTransportTypeData>&lt;CustomProps&gt;&lt;ServiceCertificate vt="8" /&gt;&lt;InboundBodyLocation vt="8"&gt;UseBodyElement&lt;/InboundBodyLocation&gt;&lt;UseSSO vt="11"&gt;0&lt;/UseSSO&gt;&lt;MessageClientCredentialType vt="8"&gt;Windows&lt;/MessageClientCredentialType&gt;&lt;InboundBodyPathExpression vt="8" /&gt;&lt;SendTimeout vt="8"&gt;00:01:00&lt;/SendTimeout&gt;&lt;OutboundXmlTemplate vt="8"&gt;&amp;lt;bts-msg-body xmlns="http://www.microsoft.com/schemas/bts2007" encoding="xml"/&amp;gt;&lt;/OutboundXmlTemplate&gt;&lt;OpenTimeout vt="8"&gt;00:01:00&lt;/OpenTimeout&gt;&lt;AlgorithmSuite vt="8"&gt;Basic256&lt;/AlgorithmSuite&gt;&lt;LeaseTimeout vt="8"&gt;00:05:00&lt;/LeaseTimeout&gt;&lt;SecurityMode vt="8"&gt;Transport&lt;/SecurityMode&gt;&lt;TransportClientCredentialType vt="8"&gt;Windows&lt;/TransportClientCredentialType&gt;&lt;TransactionProtocol vt="8"&gt;OleTransactions&lt;/TransactionProtocol&gt;&lt;MaxReceivedMessageSize vt="3"&gt;655360&lt;/MaxReceivedMessageSize&gt;&lt;TransportProtectionLevel vt="8"&gt;EncryptAndSign&lt;/TransportProtectionLevel&gt;&lt;CloseTimeout vt="8"&gt;00:01:00&lt;/CloseTimeout&gt;&lt;SuspendMessageOnFailure vt="11"&gt;0&lt;/SuspendMessageOnFailure&gt;&lt;EnableTransaction vt="11"&gt;0&lt;/EnableTransaction&gt;&lt;InboundNodeEncoding vt="8"&gt;Xml&lt;/InboundNodeEncoding&gt;&lt;IncludeExceptionDetailInFaults vt="11"&gt;0&lt;/IncludeExceptionDetailInFaults&gt;&lt;MaxConcurrentCalls vt="3"&gt;200&lt;/MaxConcurrentCalls&gt;&lt;OutboundBodyLocation vt="8"&gt;UseBodyElement&lt;/OutboundBodyLocation&gt;&lt;/CustomProps&gt;</ReceiveLocationTransportTypeData>
          <ReceivePipeline Name="Microsoft.BizTalk.DefaultPipelines.PassThruReceive" FullyQualifiedName="Microsoft.BizTalk.DefaultPipelines.PassThruReceive, Microsoft.BizTalk.DefaultPipelines, Version=3.0.1.0, Culture=neutral, PublicKeyToken=31bf3856ad364e35" Type="1" TrackingOption="ServiceStartEnd MessageSendReceive PipelineEvents" Description="" />
          <ReceivePipelineData xsi:nil="true" />
          <SendPipeline Name="Microsoft.BizTalk.DefaultPipelines.PassThruTransmit" FullyQualifiedName="Microsoft.BizTalk.DefaultPipelines.PassThruTransmit, Microsoft.BizTalk.DefaultPipelines, Version=3.0.1.0, Culture=neutral, PublicKeyToken=31bf3856ad364e35" Type="2" TrackingOption="ServiceStartEnd MessageSendReceive PipelineEvents" Description="" />
          <SendPipelineData xsi:nil="true" />
          <Enable>true</Enable>
          <ReceiveHandler Name="BizTalkServerApplication" HostTrusted="false">
            <TransportType Name="WCF-NetTcp" Capabilities="907" ConfigurationClsid="7fd2dfcd-6a7b-44f9-8387-29457fd2eaaf" />
          </ReceiveHandler>
        </ReceiveLocation>
      </ReceiveLocations>
      <SendPipelineData xsi:nil="true" />
      <Authentication>0</Authentication>
      <Tracking>0</Tracking>
      <Transforms />
      <OutboundTransforms />
      <RouteFailedMessage>false</RouteFailedMessage>
      <ApplicationName>BizTalkWithDS</ApplicationName>
    </ReceivePort>
  </ReceivePortCollection>
  <PartyCollection />
</BindingInfo>