<?xml version="1.0"?>
<!-- This is a sample block description.  Change it for your block. -->

<block xmlns:xsi="http://www.w3.org/2001/XMLSchema-instance"
       xsi:noNamespaceSchemaLocation="http://www.popfly.com/schemas/blockschema.xsd"
       class="NorthwindClass">
	<operations>

		<operation name="getNorthwindCustomersByCity" callMode="auto">
			<description>Retrieves Northwind Customers By City</description>
			<inputs>
				<input name="CityName" required="true" type="string">
					<description>City Name</description>
		                    <defaultValue>London</defaultValue>
				</input>
			</inputs>

			<outputs>
				<output isArray="true" type="custom" object="Customer"/>
			</outputs>
		</operation>
	</operations>
       <objects>
		<object name="Customer">
                    <field name="CustomerID" type="string" isArray="false" />						
			<field name="CompanyName" type="string" isArray="false" />
		</object>
	</objects>

</block>