﻿<?xml version="1.0" encoding="utf-8"?>
<block xmlns:xsi="http://www.w3.org/2001/XMLSchema-instance"
  xsi:noNamespaceSchemaLocation="http://www.popfly.com/schemas/blockschema.xsd"
  class="UserInputClass" hasInitialize="true">
	<providerLogoUrl>/content/components/icons/userInputLogo.png</providerLogoUrl>
	<blockLogoUrl>/content/components/icons/userInputSquareLogo.png</blockLogoUrl>
	<blockIconUrl>/content/components/icons/userInput.png</blockIconUrl>
	<suggest output="flickr"/>
	<operations>
		<operation name="getCityAndCuisine" callMode="async">
			<description>
				Retrieves the City And Cusine
			</description>
			<inputs/>			
			<outputs>
				<output isArray="false" type="custom" object="CityAndCuisine"/>
			</outputs>
		</operation>
	</operations>
	<objects>
		<object name="CityAndCuisine">
			<field name="City" type="string" isArray="false" />
			<field name="Cuisine" type="string" isArray="false" />
		</object>
	</objects>
</block>