﻿<?xml version="1.0" encoding="utf-8"?>
<!-- This block uses developer keys.  For security reasons it cannot be ripped and used in a mashup. -->
<block class="YahooGeoCodingClass">
	<providerName>Yahoo! Geocoding</providerName>
	<providerUrl>http://maps.yahoo.com/</providerUrl>
	<providerLogoUrl>http://www.ysdesigner.com/images/yahoo.jpg</providerLogoUrl>
	<blockIconUrl>http://www.ysdesigner.com/images/yahoo.jpg</blockIconUrl>
	<description>Yahoo! Maps Geocoding API. The Geocoding Web Service allows you to find the specific latitude and longitude for an address in the USA.</description>
	<suggest output="geodisplay geoutput" input="addressoutput"/>
	<!-- <keys>
    <description />
    <signUpUrl>http://developer.yahoo.com/wsregapp/index.php</signUpUrl>
    <key id="ApplicationID" whenRequired="save">
      <name>Application ID</name>
      <notes>When the form asks how you want to use your Application ID (Appid), click the button next to "Generic - no user authentication required".</notes>
    </key>
  </keys>
 -->
	<operations>
		<operation name="getLatitudeLongitudeForAddress" callMode="auto">
			<description>Returns the specific latitude and longitude for an address.</description>
			<inputs>
				<input name="address" required="true" type="location">
					<description>street, city, state, zip [or some combination]</description>
					<defaultValue>175 Forest Street, Waltham, MA 02452</defaultValue>
					<constraints />
				</input>
			</inputs>
			<outputs>
				<output isArray="true" type="custom" object="YahooGeocodeResponse" />
			</outputs>
		</operation>

		<operation name="lookupOnCityState" callMode="auto">
			<description>Resolve a city state to a latitude and longitude. No zip code returned.</description>
			<inputs>
				<input name="City" required="true" type="city">
					<description>The name of the city forwhich you want a latitude and longitude, US cities only.</description>
					<defaultValue>Waltham</defaultValue>
					<constraints />
				</input>
				<input name="State" required="true" type="state">
					<description>The name of the state for which you want a latitude and longitude, US states only.</description>
					<defaultValue>Massachusetts</defaultValue>
					<!--constraints>
            <constraint mandatory="true" type="oneOf">
              <value>Alabama</value>
              <value>Alaska</value>
              <value>Arizona</value>
              <value>Arkansas</value>
              <value>California</value>
              <value>Colorado</value>
              <value>Connecticut</value>
              <value>Delaware</value>
              <value>District of Columbia</value>
              <value>Florida</value>
              <value>Georgia</value>
              <value>Hawaii</value>
              <value>Idaho</value>
              <value>Illinois</value>
              <value>Indiana</value>
              <value>Iowa</value>
              <value>Kansas</value>
              <value>Kentucky</value>
              <value>Louisiana</value>
              <value>Maine</value>
              <value>Maryland</value>
              <value>Massachusetts</value>
              <value>Michigan</value>
              <value>Minnesota</value>
              <value>Mississippi</value>
              <value>Missouri</value>
              <value>Montana</value>
              <value>Nebraska</value>
              <value>Nevada</value>
              <value>New Hampshire</value>
              <value>New Jersey</value>
              <value>New Mexico</value>
              <value>New York</value>
              <value>North Carolina</value>
              <value>North Dakota</value>
              <value>Ohio</value>
              <value>Oklahoma</value>
              <value>Oregon</value>
              <value>Pennsylvania</value>
              <value>Rhode Island</value>
              <value>South Carolina</value>
              <value>South Dakota</value>
              <value>Tennessee</value>
              <value>Texas</value>
              <value>Utah</value>
              <value>Vermont</value>
              <value>Virginia</value>
              <value>Washington</value>
              <value>West Virginia</value>
              <value>Wisconsin</value>
              <value>Wyoming</value>
            </constraint>
          </constraints-->
				</input>
			</inputs>
			<outputs>
				<output isArray="false" type="custom" object="YahooGeocodeResponse" />
			</outputs>
		</operation>

	</operations>
	<objects>
		<object name="YahooGeocodeResponse">
			<field name="latitude" type="latitude" isArray="false" />
			<field name="longitude" type="longitude" isArray="false" />
			<field name="location" type="string" isArray="false" />
			<field name="city" type="string" isArray="false" />
			<field name="state" type="string" isArray="false" />
			<field name="zipCode" type="zipCode" isArray="false" />

			<field name="country" type="countryOrRegion" isArray="false" />
		</object>
	</objects>
</block>