<?xml version="1.0"?>
<!-- This is a sample block description.  Change it for your block. -->

<block xmlns:xsi="http://www.w3.org/2001/XMLSchema-instance"
       xsi:noNamespaceSchemaLocation="http://www.popfly.com/schemas/blockschema.xsd"
       class="ApressHelloWorldClass">
  <operations>
    <operation name="hello">
      <description>Say hello.</description>
      <inputs>
          <input name="FirstName" required="true" type="string">
               <description>First Name</description>
               <defaultValue>John</defaultValue>
               <constraints>
                    <constraint mandatory="true" type="oneOf">
                            <value>John</value>
                            <value>Paul</value>
                            <value>Ringo</value>
                            <value>George</value>
                    </constraint>               
               </constraints>
          </input>
         <input name="LastName" required="true" type="string">
               <description>Last Name</description>
               <defaultValue>Lennon</defaultValue>
               <constraints>
                    <constraint mandatory="true" type="oneOf">
                            <value>Lennon</value>
                            <value>Mccarty</value>
                            <value>Starr</value>
                            <value>Harrison</value>
                    </constraint> 
               </constraints>
          </input>
      </inputs>
      <outputs>
        <output isArray="false" type="HelloWorldObject"/>
      </outputs>
    </operation>
	<objects>
		<object name="HelloWorldObject">
			<field name="FirstName" type="string" isArray="false" />
			<field name="LastName" type="string" isArray="false" />
		</object>
     </objects>
  </operations>

</block>